{"Glossary Size": 0, "Model Accuracy": 0.7634854771784232}
{"Glossary Size": 59, "Model Accuracy": 0.7634854771784232}
{"Glossary Size": 108, "Model Accuracy": 0.7634854771784232}
{"Glossary Size": 587, "Model Accuracy": 0.8355555555555555}
{"Glossary Size": 1197, "Model Accuracy": 0.8597285067873303}
{"Glossary Size": 2231, "Model Accuracy": 0.8622222222222222}
{"Glossary Size": 5171, "Model Accuracy": 0.8389830508474577}
{"Glossary Size": 9665, "Model Accuracy": 0.8347826086956521}
